<?xml version="1.0" encoding="UTF-8"?>
<project-private xmlns="http://www.netbeans.org/ns/project-private/1">
    <editor-bookmarks xmlns="http://www.netbeans.org/ns/editor-bookmarks/2" lastBookmarkId="0"/>
    <open-files xmlns="http://www.netbeans.org/ns/projectui-open-files/2">
        <group>
            <file>file:/D:/colegio/finalTi2bi/attFinal2BI/src/attfinal2bi/Menu.java</file>
            <file>file:/D:/colegio/finalTi2bi/attFinal2BI/src/attfinal2bi/Desvalorizacao.java</file>
            <file>file:/D:/colegio/finalTi2bi/attFinal2BI/src/attfinal2bi/Ajuda.java</file>
        </group>
    </open-files>
</project-private>
